instance_name,K,category,formula_size,proofdoor_size,formula-pd-size-ratio,smallest_interpolant_size,largest_interpolant_size,cadical_solving_time
139442p0,1,linear,20871,1,20871.00,1,1,
139442p0,2,linear,31191,2,15595.50,1,1,
139442p0,3,linear,41511,3,13837.00,1,1,
139442p0,4,linear,51831,4,12957.75,1,1,
139442p0,5,linear,62151,5,12430.20,1,1,
139442p0,6,linear,72471,6,12078.50,1,1,
139442p0,7,linear,82791,7,11827.29,1,1,
139442p0,8,linear,93111,8,11638.88,1,1,
139442p0,9,linear,103431,9,11492.33,1,1,
139442p1,1,linear,21160,1,21160.00,1,1,
139442p1,2,linear,31627,9,3514.11,2,7,
139443p0,1,linear,32855,1,32855.00,1,1,
139443p0,2,linear,49127,2,24563.50,1,1,
139443p0,3,linear,65399,3,21799.67,1,1,
139443p0,4,linear,81671,4,20417.75,1,1,
139443p0,5,linear,97943,5,19588.60,1,1,
139443p0,6,linear,114215,6,19035.83,1,1,
139443p0,7,linear,130487,7,18641.00,1,1,
139443p0,8,linear,146759,8,18344.88,1,1,
139443p0,9,linear,163031,9,18114.56,1,1,
139443p5,1,linear,33228,1,33228.00,1,1,
139443p5,2,linear,49686,9,5520.67,2,7,
139444p0,1,linear,47031,1,47031.00,1,1,
139444p0,2,linear,70359,2,35179.50,1,1,
139444p0,3,linear,93687,3,31229.00,1,1,
139444p0,4,linear,117015,4,29253.75,1,1,
139444p0,5,linear,140343,5,28068.60,1,1,
139444p0,6,linear,163671,6,27278.50,1,1,
139444p0,7,linear,186999,7,26714.14,1,1,
139444p0,8,linear,210327,8,26290.88,1,1,
139444p0,9,linear,233655,9,25961.67,1,1,
139444p22,1,linear,47894,1,47894.00,1,1,
139444p22,2,linear,71648,6,11941.33,2,4,
139444p22,3,linear,95402,150,636.01,21,100,
139452p0,1,linear,34459,1,34459.00,1,1,
139452p0,2,linear,51541,2,25770.50,1,1,
139452p0,3,linear,68623,3,22874.33,1,1,
139452p0,4,linear,85705,4,21426.25,1,1,
139452p0,5,linear,102787,5,20557.40,1,1,
139452p0,6,linear,119869,6,19978.17,1,1,
139452p0,7,linear,136951,7,19564.43,1,1,
139452p0,8,linear,154033,8,19254.12,1,1,
139452p0,9,linear,171115,9,19012.78,1,1,
139453p0,1,linear,53009,1,53009.00,1,1,
139453p0,2,linear,79316,2,39658.00,1,1,
139453p0,3,linear,105623,3,35207.67,1,1,
139453p0,4,linear,131930,4,32982.50,1,1,
139453p0,5,linear,158237,5,31647.40,1,1,
139453p0,6,linear,184544,6,30757.33,1,1,
139453p0,7,linear,210851,7,30121.57,1,1,
139453p0,8,linear,237158,8,29644.75,1,1,
139453p0,9,linear,263465,9,29273.89,1,1,
139454p0,1,linear,75859,1,75859.00,1,1,
139454p0,2,linear,113551,2,56775.50,1,1,
139454p0,3,linear,151243,3,50414.33,1,1,
139454p0,4,linear,188935,4,47233.75,1,1,
139454p0,5,linear,226627,5,45325.40,1,1,
139454p0,6,linear,264319,6,44053.17,1,1,
139454p0,7,linear,302011,7,43144.43,1,1,
139454p0,8,linear,339703,8,42462.88,1,1,
139454p0,9,linear,377395,9,41932.78,1,1,
139462p0,1,linear,58299,1,58299.00,1,1,
139462p0,2,linear,87273,2,43636.50,1,1,
139462p0,3,linear,116247,3,38749.00,1,1,
139462p0,4,linear,145221,4,36305.25,1,1,
139462p0,5,linear,174195,5,34839.00,1,1,
139462p0,6,linear,203169,6,33861.50,1,1,
139462p0,7,linear,232143,7,33163.29,1,1,
139462p0,8,linear,261117,8,32639.62,1,1,
139462p0,9,linear,290091,9,32232.33,1,1,
139463p0,1,linear,85563,1,85563.00,1,1,
139463p0,2,linear,128109,2,64054.50,1,1,
139463p0,3,linear,170655,3,56885.00,1,1,
139463p0,4,linear,213201,4,53300.25,1,1,
139463p0,5,linear,255747,5,51149.40,1,1,
139463p0,6,linear,298293,6,49715.50,1,1,
139463p0,7,linear,340839,7,48691.29,1,1,
139463p0,8,linear,383385,8,47923.12,1,1,
139463p0,9,linear,425931,9,47325.67,1,1,
139464p0,1,linear,120147,1,120147.00,1,1,
139464p0,2,linear,179937,2,89968.50,1,1,
139464p0,3,linear,239727,3,79909.00,1,1,
139464p0,4,linear,299517,4,74879.25,1,1,
139464p0,5,linear,359307,5,71861.40,1,1,
139464p0,6,linear,419097,6,69849.50,1,1,
139464p0,7,linear,478887,7,68412.43,1,1,
139464p0,8,linear,538677,8,67334.62,1,1,
139464p0,9,linear,598467,9,66496.33,1,1,
6s119,1,exponential,661397,2,330698.50,2,2,
6s119,2,exponential,982679,3,327559.67,1,2,
6s119,3,exponential,1303961,9,144884.56,2,4,
6s119,4,exponential,1625243,14,116088.79,2,5,
6s119,5,exponential,1946525,18,108140.28,1,5,
6s119,6,exponential,2267807,38,59679.13,1,9,
6s119,7,exponential,2589089,56,46233.73,2,11,
6s119,8,exponential,2910371,347,8387.24,12,60,
6s119,9,exponential,3231653,1315,2457.53,1,288,
6s119,10,exponential,3552935,1380,2574.59,1,298,
6s119,11,exponential,3874217,1467,2640.91,1,309,
6s119,12,exponential,4195499,1614,2599.44,1,333,
6s119,13,exponential,4516781,2648,1705.73,1,347,
6s119,14,exponential,4838063,2830,1709.56,1,349,
6s119,15,exponential,5159345,3014,1711.79,1,351,
6s119,16,exponential,5480627,3200,1712.70,1,353,
6s119,17,exponential,5801909,4527,1281.62,1,558,
6s119,18,exponential,6123191,4888,,NA,NA,
6s119,19,exponential,6444473,4520,,NA,NA,
6s119,20,exponential,6765755,4182,,NA,NA,
6s119,21,exponential,7087037,2208,,NA,NA,
6s119,22,exponential,7408319,2216,,NA,NA,
6s119,23,exponential,7729601,2758,,NA,NA,
6s119,24,exponential,8050883,2768,,NA,NA,
6s120,1,linear,13696,2,6848.00,2,2,
6s120,2,linear,20515,3,6838.33,1,2,
6s120,3,linear,27334,454,60.21,2,329,
6s120,4,linear,34153,70,487.90,2,34,
6s120,5,linear,40972,1964,20.86,2,1301,
6s120,6,linear,47791,57785,0.83,2,30425,
6s120,7,linear,54610,98964,0.55,2,51765,
6s120,8,linear,61429,148004,0.42,2,71235,
6s120,9,linear,68248,430677,0.16,2,297023,
6s159,1,linear,9072,2,4536.00,2,2,
6s159,2,linear,13482,7,1926.00,2,5,
6s159,3,linear,17892,15,1192.80,2,9,
6s159,4,linear,22302,43,518.65,2,21,
6s159,5,linear,26712,66,404.73,2,25,
6s159,6,linear,31122,80,389.02,4,28,
6s159,7,linear,35532,118,301.12,4,32,
6s159,8,linear,39942,425,93.98,6,167,
6s159,9,linear,44352,701,63.27,18,199,
6s164,1,linear,6774,1,6774.00,1,1,
6s164,2,linear,10062,2,5031.00,1,1,
6s164,3,linear,13350,3,4450.00,1,1,
6s164,4,linear,16638,4,4159.50,1,1,
6s164,5,linear,19926,5,3985.20,1,1,
6s164,6,linear,23214,6,3869.00,1,1,
6s164,7,linear,26502,7,3786.00,1,1,
6s164,8,linear,29790,7648,3.90,8,6376,
6s164,9,linear,33078,9,3675.33,1,1,
6s202b41,1,linear,3066989,1,3066989.00,1,1,
6s202b41,2,linear,4566043,3,1522014.33,1,2,
6s202b41,3,linear,6065097,6,1010849.50,1,3,
6s202b41,4,linear,7564151,10,756415.10,1,4,
6s202b41,5,linear,9063205,5,1812641.00,1,1,
6s202b41,6,linear,10562259,19,555908.37,1,5,
6s202b41,7,linear,12061313,7,1723044.71,1,1,
6s202b41,8,linear,13560367,30,452012.23,1,6,
6s202b41,9,linear,15059421,9,1673269.00,1,1,
6s204b19,1,linear,1106578,1,1106578.00,1,1,
6s204b19,2,linear,1645374,3,548458.00,1,2,
6s204b19,3,linear,2184170,6,364028.33,1,3,
6s204b19,4,linear,2722966,19,143314.00,1,13,
6s204b19,5,linear,3261762,5,652352.40,1,1,
6s204b19,6,linear,3800558,75,50674.11,1,33,
6s204b19,7,linear,4339354,7,619907.71,1,1,
6s204b19,8,linear,4878150,178,27405.34,1,60,
6s204b19,9,linear,5416946,9,601882.89,1,1,
6s206rb025,1,linear,781737,1,781737.00,1,1,
6s206rb025,2,linear,1158284,3,386094.67,1,2,
6s206rb025,3,linear,1534831,6,255805.17,1,3,
6s206rb025,4,linear,1911378,11,173761.64,1,4,
6s206rb025,5,linear,2287925,14,163423.21,1,4,
6s206rb025,6,linear,2664472,19,140235.37,1,4,
6s206rb025,7,linear,3041019,22,138228.14,1,4,
6s206rb025,8,linear,3417566,27,126576.52,1,4,
6s206rb025,9,linear,3794113,30,126470.43,1,4,
6s206rb103,1,linear,781737,1,781737.00,1,1,
6s206rb103,2,linear,1158284,12,96523.67,4,8,
6s206rb103,3,linear,1534831,15,102322.07,4,7,
6s206rb103,4,linear,1911378,41,46618.98,4,16,
6s206rb103,5,linear,2287925,8,285990.62,1,4,
6s206rb103,6,linear,2664472,44,60556.18,4,11,
6s206rb103,7,linear,3041019,10,304101.90,1,4,
6s206rb103,8,linear,3417566,46,74294.91,4,9,
6s206rb103,9,linear,3794113,12,316176.08,1,4,
6s207rb28,1,linear,212630,1,212630.00,1,1,
6s207rb28,2,linear,317439,3,105813.00,1,2,
6s207rb28,3,linear,422248,6,70374.67,1,3,
6s207rb28,4,linear,527057,636,828.71,1,600,
6s207rb28,5,linear,631866,1504,420.12,1,864,
6s207rb28,6,linear,736675,2475,297.65,1,967,
6s209b0,1,linear,166099,8,20762.38,8,8,
6s209b0,2,linear,246269,7,35181.29,1,6,
6s209b0,3,linear,326439,17,19202.29,1,10,
6s209b0,4,linear,406609,11,36964.45,1,6,
6s209b0,5,linear,486779,62,7851.27,4,21,
6s209b0,6,linear,566949,17,33349.94,1,6,
6s209b0,7,linear,647119,108,5991.84,4,27,
6s209b0,8,linear,727289,151,4816.48,4,35,
6s209b0,9,linear,807459,178,4536.29,4,37,
6s215rb0,1,linear,57742,1,57742.00,1,1,
6s215rb0,2,linear,86080,16,5380.00,3,13,
6s215rb0,3,linear,114418,3,38139.33,1,1,
6s215rb0,4,linear,142756,55,2595.56,3,22,
6s215rb0,5,linear,171094,5,34218.80,1,1,
6s215rb0,6,linear,199432,152,1312.05,3,45,
6s215rb0,7,linear,227770,7,32538.57,1,1,
6s215rb0,9,linear,284446,9,31605.11,1,1,
6s216rb0,1,linear,57799,1,57799.00,1,1,
6s216rb0,2,linear,86164,4,21541.00,1,3,
6s216rb0,3,linear,114529,3,38176.33,1,1,
6s216rb0,4,linear,142894,12,11907.83,1,5,
6s216rb0,5,linear,171259,5,34251.80,1,1,
6s216rb0,6,linear,199624,48,4158.83,1,18,
6s216rb0,7,linear,227989,7,32569.86,1,1,
6s216rb0,8,linear,256354,17,15079.65,1,4,
6s216rb0,9,linear,284719,9,31635.44,1,1,
6s221rb14,1,linear,1405591,2,702795.50,2,2,
6s221rb14,2,linear,2087296,8,260912.00,2,6,
6s221rb14,3,linear,2769001,17,162882.41,2,9,
6s221rb14,4,linear,3450706,24,143779.42,2,9,
6s221rb14,5,linear,4132411,40,103310.27,2,13,
6s221rb14,6,linear,4814116,51,94394.43,2,14,
6s221rb14,7,linear,5495821,67,82027.18,2,14,
6s221rb14,8,linear,6177526,78,79199.05,2,14,
6s221rb14,9,linear,6859231,94,72970.54,2,14,
6s273b37,1,linear,459076,1,459076.00,1,1,
6s273b37,2,linear,680842,3,226947.33,1,2,
6s273b37,3,linear,902608,5,180521.60,1,2,
6s273b37,4,linear,1124374,7,160624.86,1,2,
6s273b37,5,linear,1346140,9,149571.11,1,2,
6s273b37,6,linear,1567906,11,142536.91,1,2,
6s273b37,7,linear,1789672,14,127833.71,1,3,
6s273b37,8,linear,2011438,16,125714.88,1,3,
6s273b37,9,linear,2233204,21,106343.05,1,4,
6s290,1,linear,657137,1,657137.00,1,1,
6s290,2,linear,978866,3,326288.67,1,2,
6s290,3,linear,1300595,5,260119.00,1,2,
6s290,4,linear,1622324,7,231760.57,1,2,
6s290,5,linear,1944053,9,216005.89,1,2,
6s290,6,linear,2265782,11,205980.18,1,2,
6s290,7,linear,2587511,13,199039.31,1,2,
6s290,8,linear,2909240,15,193949.33,1,2,
6s290,9,linear,3230969,17,190057.00,1,2,
6s306rb03,1,linear,270710,1,270710.00,1,1,
6s306rb03,2,linear,402072,3,134024.00,1,2,
6s306rb03,3,linear,533434,6,88905.67,1,3,
6s306rb03,4,linear,664796,12,55399.67,1,5,
6s306rb03,5,linear,796158,15,53077.20,1,5,
6s306rb03,6,linear,927520,26,35673.85,1,8,
6s306rb03,7,linear,1058882,29,36513.17,1,8,
6s306rb03,8,linear,1190244,43,27680.09,1,9,
6s306rb03,9,linear,1321606,32,41300.19,1,9,
6s307rb09,1,linear,225531,1,225531.00,1,1,
6s307rb09,2,linear,334884,3,111628.00,1,2,
6s307rb09,3,linear,444237,6,74039.50,1,3,
6s307rb09,4,linear,553590,10,55359.00,1,4,
6s307rb09,5,linear,662943,15,44196.20,1,5,
6s307rb09,6,linear,772296,22,35104.36,1,7,
6s307rb09,7,linear,881649,28,31487.46,1,7,
6s307rb09,8,linear,991002,41,24170.78,1,11,
6s307rb09,9,linear,1100355,47,23411.81,1,11,
6s309b046,1,exponential,324923,2,162461.50,2,2,
6s309b046,2,exponential,482570,3,160856.67,1,2,
6s309b046,3,exponential,640217,5,128043.40,1,2,
6s309b046,4,exponential,797864,6,132977.33,1,2,
6s309b046,5,exponential,955511,15,63700.73,1,5,
6s309b046,6,exponential,1113158,38,29293.63,1,9,
6s309b046,7,exponential,1270805,42,30257.26,2,8,
6s309b046,8,exponential,1428452,65,21976.18,2,12,
6s309b046,9,exponential,1586099,142,11169.71,2,74,
6s309b046,10,exponential,1743746,181,9633.96,2,79,
6s309b046,11,exponential,1901393,305,6234.08,2,97,
6s309b046,12,exponential,2059040,245,8404.24,2,87,
6s309b046,13,exponential,2216687,273,8119.73,2,90,
6s309b046,14,exponential,2374334,524,4531.17,2,115,
6s309b046,15,exponential,2531981,594,4262.59,2,123,
6s309b046,16,exponential,2689628,1039,2588.67,2,125,
6s309b046,17,exponential,2847275,1533,1857.32,4,156,
6s309b046,18,exponential,3004922,1588,1892.27,4,156,
6s309b046,19,exponential,3162569,1345,2351.35,2,131,
6s326rb08,1,linear,121966,1,121966.00,1,1,
6s326rb08,2,linear,181278,3,60426.00,1,2,
6s326rb08,3,linear,240590,6,40098.33,1,3,
6s326rb08,4,linear,299902,21,14281.05,1,11,
6s326rb08,5,linear,359214,24,14967.25,1,11,
6s326rb08,6,linear,418526,60,6975.43,1,23,
6s326rb08,7,linear,477838,63,7584.73,1,23,
6s326rb08,8,linear,537150,120,4476.25,1,43,
6s326rb08,9,linear,596462,123,4849.28,1,43,
6s339rb19,1,exponential,58100,2,29050.00,2,2,
6s339rb19,2,exponential,86353,20,4317.65,9,11,
6s339rb19,3,exponential,114606,31,3696.97,9,12,
6s339rb19,4,exponential,142859,42,3401.40,9,12,
6s339rb19,5,exponential,171112,55,3111.13,9,13,
6s339rb19,6,exponential,199365,66,3020.68,9,13,
6s339rb19,7,exponential,227618,81,2810.10,9,14,
6s339rb19,8,exponential,255871,92,2781.21,9,14,
6s339rb19,9,exponential,284124,80,3551.55,2,16,
6s339rb19,10,exponential,312377,88,3549.74,2,16,
6s339rb19,11,exponential,340630,106,3213.49,2,17,
6s339rb19,12,exponential,368883,114,3235.82,2,17,
6s339rb19,13,exponential,397136,118,3365.56,2,17,
6s339rb19,14,exponential,425389,127,3349.52,2,17,
6s339rb19,15,exponential,453642,129,3516.60,2,17,
6s339rb19,16,exponential,481895,132,3650.72,2,17,
6s339rb19,17,exponential,510148,136,3751.09,2,17,
6s339rb19,18,exponential,538401,176,3059.10,2,23,
6s339rb19,19,exponential,566654,181,3130.69,3,17,
6s339rb19,20,exponential,594907,257,2314.81,1,128,
6s339rb19,21,exponential,623160,198,3147.27,2,17,
6s339rb19,22,exponential,651413,271,2403.74,1,128,
6s339rb19,23,exponential,679666,286,2376.45,2,46,
6s339rb19,24,exponential,707919,343,2063.90,1,128,
6s339rb19,25,exponential,736172,254,2898.31,3,36,
6s342rb131,1,linear,2037624,1,2037624.00,1,1,
6s342rb131,2,linear,3028017,4,757004.25,1,3,
6s342rb131,3,linear,4018410,8,502301.25,1,4,
6s342rb131,4,linear,5008803,13,385292.54,1,5,
6s342rb131,5,linear,5999196,19,315747.16,1,6,
6s342rb131,6,linear,6989589,32,218424.66,1,13,
6s342rb131,7,linear,7979982,47,169786.85,1,15,
6s342rb131,8,linear,8970375,77,116498.38,1,25,
6s342rb131,9,linear,9960768,121,82320.40,1,39,
6s344rb054,1,linear,479177,48,9982.85,48,48,
6s344rb054,2,linear,713431,147,4853.27,37,110,
6s344rb054,3,linear,947685,286,3313.58,37,162,
6s344rb054,4,linear,1181939,635,1861.32,48,259,
6s344rb054,5,linear,1416193,690,2052.45,48,260,
6s344rb054,6,linear,1650447,1201,1374.23,48,367,
6s344rb054,7,linear,1884701,1254,1502.95,48,367,
6s344rb054,8,linear,2118955,2114,1002.34,48,514,
6s344rb054,9,linear,2353209,2167,1085.93,48,514,
6s344rb150,1,linear,478641,1,478641.00,1,1,
6s344rb150,2,linear,712627,3,237542.33,1,2,
6s344rb150,3,linear,946613,7,135230.43,1,4,
6s344rb150,4,linear,1180599,14,84328.50,1,7,
6s344rb150,5,linear,1414585,19,74451.84,1,8,
6s344rb150,6,linear,1648571,34,48487.38,1,12,
6s344rb150,7,linear,1882557,41,45916.02,1,14,
6s344rb150,8,linear,2116543,64,33070.98,1,18,
6s344rb150,9,linear,2350529,69,34065.64,1,18,
6s351rb15,1,linear,121792,2,60896.00,2,2,
6s351rb15,2,linear,180757,4,45189.25,2,2,
6s351rb15,3,linear,239722,8,29965.25,2,4,
6s351rb15,4,linear,298687,14,21334.79,2,6,
6s351rb15,5,linear,357652,86,4158.74,2,72,
6s351rb15,6,linear,416617,151,2759.05,2,101,
6s351rb15,7,linear,475582,358,1328.44,2,203,
6s351rb15,8,linear,534547,627,852.55,2,272,
6s351rb15,9,linear,593512,865,686.14,2,319,
6s355rb08740,1,linear,450491,3,150163.67,3,3,
6s355rb08740,2,linear,668191,7,95455.86,3,4,
6s355rb08740,3,linear,885891,12,73824.25,3,5,
6s355rb08740,4,linear,1103591,17,64917.12,3,5,
6s355rb08740,5,linear,1321291,24,55053.79,3,6,
6s355rb08740,6,linear,1538991,29,53068.66,3,6,
6s355rb08740,7,linear,1756691,39,45043.36,3,8,
6s355rb08740,8,linear,1974391,44,44872.52,3,8,
6s355rb08740,9,linear,2192091,56,39144.48,3,9,
6s355rb11080,1,linear,450467,2,225233.50,2,2,
6s355rb11080,2,linear,668155,5,133631.00,2,3,
6s355rb11080,3,linear,885843,10,88584.30,2,5,
6s355rb11080,4,linear,1103531,13,84887.00,2,5,
6s355rb11080,5,linear,1321219,21,62915.19,2,7,
6s355rb11080,6,linear,1538907,24,64121.12,2,7,
6s355rb11080,7,linear,1756595,35,50188.43,2,9,
6s355rb11080,8,linear,1974283,38,51954.82,2,9,
6s355rb11080,9,linear,2191971,52,42153.29,2,11,
6s362rb1,1,linear,49599,1,49599.00,1,1,
6s362rb1,2,linear,73467,3,24489.00,1,2,
6s362rb1,3,linear,97335,5,19467.00,1,2,
6s362rb1,4,linear,121203,8,15150.38,2,2,
6s362rb1,5,linear,145071,9,16119.00,1,2,
6s362rb1,6,linear,168939,10,16893.90,1,4,
6s362rb1,7,linear,192807,13,14831.31,1,2,
6s362rb1,8,linear,216675,12,18056.25,1,4,
6s362rb1,9,linear,240543,17,14149.59,1,2,
6s372rb26,1,linear,44882,1,44882.00,1,1,
6s372rb26,2,linear,66761,2,33380.50,1,1,
6s372rb26,3,linear,88640,3,29546.67,1,1,
6s372rb26,4,linear,110519,4,27629.75,1,1,
6s372rb26,5,linear,132398,5,26479.60,1,1,
6s372rb26,6,linear,154277,6,25712.83,1,1,
6s372rb26,7,linear,176156,7,25165.14,1,1,
6s372rb26,8,linear,198035,8,24754.38,1,1,
6s372rb26,9,linear,219914,9,24434.89,1,1,
6s374b029,1,linear,1967172,2,983586.00,2,2,
6s374b029,2,linear,2937596,6,489599.33,2,4,
6s374b029,3,linear,3908020,13,300616.92,2,7,
6s374b029,4,linear,4878444,25,195137.76,2,11,
6s374b029,5,linear,5848868,33,177238.42,2,11,
6s374b029,6,linear,6819292,51,133711.61,2,15,
6s374b029,7,linear,7789716,59,132029.08,2,15,
6s374b029,8,linear,8760140,83,105543.86,2,19,
6s374b029,9,linear,9730564,91,106929.27,2,19,
6s380b129,1,linear,252984,1,252984.00,1,1,
6s380b129,2,linear,376673,3,125557.67,1,2,
6s380b129,3,linear,500362,7,71480.29,1,4,
6s380b129,4,linear,624051,10,62405.10,1,4,
6s380b129,5,linear,747740,24,31155.83,1,10,
6s380b129,6,linear,871429,20,43571.45,1,5,
6s380b129,7,linear,995118,25,39804.72,1,5,
6s380b129,8,linear,1118807,33,33903.24,1,8,
6s380b129,9,linear,1242496,45,27611.02,1,8,
6s380b511,1,linear,253090,2,126545.00,2,2,
6s380b511,2,linear,376832,6,62805.33,2,4,
6s380b511,3,linear,500574,10,50057.40,2,5,
6s380b511,4,linear,624316,20,31215.80,2,9,
6s380b511,5,linear,748058,24,31169.08,2,9,
6s380b511,6,linear,871800,40,21795.00,2,11,
6s380b511,7,linear,995542,44,22625.95,2,11,
6s380b511,8,linear,1119284,63,17766.41,2,13,
6s380b511,9,linear,1243026,67,18552.63,2,13,
6s384rb024,1,linear,352532,1,352532.00,1,1,
6s384rb024,2,linear,521322,3,173774.00,1,2,
6s384rb024,3,linear,690112,6,115018.67,1,3,
6s384rb024,4,linear,858902,10,85890.20,1,4,
6s384rb024,5,linear,1027692,13,79053.23,1,4,
6s384rb024,6,linear,1196482,17,70381.29,1,4,
6s384rb024,7,linear,1365272,20,68263.60,1,4,
6s384rb024,8,linear,1534062,24,63919.25,1,4,
6s384rb024,9,linear,1702852,27,63068.59,1,4,
6s385rb444,1,linear,815665,1,815665.00,1,1,
6s385rb444,2,linear,1218427,2,609213.50,1,1,
6s385rb444,3,linear,1621189,3,540396.33,1,1,
6s385rb444,4,linear,2023951,4,505987.75,1,1,
6s385rb444,5,linear,2426713,5,485342.60,1,1,
6s385rb444,6,linear,2829475,6,471579.17,1,1,
6s385rb444,7,linear,3232237,7,461748.14,1,1,
6s385rb444,8,linear,3634999,1,,NA,NA,
bc57sensorsp1neg,1,exponential,11464,1,11464.00,1,1,
bc57sensorsp1neg,2,exponential,17101,3,5700.33,1,2,
bc57sensorsp1neg,3,exponential,22738,6,3789.67,1,3,
bc57sensorsp1neg,4,exponential,28375,12,2364.58,1,6,
bc57sensorsp1neg,5,exponential,34012,18,1889.56,1,6,
bc57sensorsp1neg,6,exponential,39649,24,1652.04,1,6,
bc57sensorsp1neg,7,exponential,45286,31,1460.84,1,7,
bc57sensorsp1neg,8,exponential,50923,56,909.34,1,12,
bc57sensorsp1neg,9,exponential,56560,66,856.97,1,12,
bc57sensorsp1neg,10,exponential,62197,77,807.75,1,12,
bc57sensorsp1neg,11,exponential,67834,94,721.64,1,13,
bc57sensorsp1neg,12,exponential,73471,116,633.37,1,14,
bc57sensorsp1neg,13,exponential,79108,134,590.36,1,21,
bc57sensorsp1neg,14,exponential,84745,147,576.50,1,17,
bc57sensorsp1neg,15,exponential,90382,181,499.35,1,42,
bc57sensorsp1neg,16,exponential,96019,389,246.84,1,129,
bc57sensorsp1neg,17,exponential,101656,453,224.41,1,98,
bc57sensorsp1neg,18,exponential,107293,432,248.36,1,98,
bc57sensorsp1neg,19,exponential,112930,520,217.17,1,97,
bc57sensorsp1neg,20,exponential,118567,568,208.74,1,88,
bc57sensorsp1neg,21,exponential,124204,932,133.27,1,157,
bc57sensorsp1neg,22,exponential,129841,831,156.25,1,118,
bc57sensorsp1neg,23,exponential,135478,1078,125.68,1,157,
bc57sensorsp1neg,24,exponential,141115,1030,137.00,1,262,
bc57sensorsp1neg,25,exponential,146752,1570,93.47,1,278,
bc57sensorsp1neg,26,exponential,152389,1958,77.83,1,260,
bc57sensorsp1neg,27,exponential,158026,2670,59.19,1,332,
beemprdcell2f1,1,exponential,4922,1,4922.00,1,1,
beemprdcell2f1,2,exponential,7328,3,2442.67,1,2,
beemprdcell2f1,3,exponential,9734,4,2433.50,1,2,
beemprdcell2f1,4,exponential,12140,18,674.44,1,12,
beemprdcell2f1,5,exponential,14546,31,469.23,1,13,
beemprdcell2f1,6,exponential,16952,36,470.89,1,14,
beemprdcell2f1,7,exponential,19358,72,268.86,1,26,
beemprdcell2f1,8,exponential,21764,99,219.84,1,27,
beemprdcell2f1,9,exponential,24170,118,204.83,1,29,
beemprdcell2f1,10,exponential,26576,124,214.32,1,29,
beemprdcell2f1,11,exponential,28982,135,214.68,1,30,
beemprdcell2f1,12,exponential,31388,150,209.25,1,30,
beemprdcell2f1,13,exponential,33794,188,179.76,1,36,
beemprdcell2f1,14,exponential,36200,226,160.18,1,37,
beemprdcell2f1,15,exponential,38606,249,155.04,1,37,
beemprdcell2f1,16,exponential,41012,267,153.60,1,37,
beemprdcell2f1,17,exponential,43418,283,153.42,1,51,
beemprdcell2f1,18,exponential,45824,669,68.50,1,346,
beemprdcell2f1,19,exponential,48230,339,142.27,1,56,
beemprdcell2f1,20,exponential,50636,434,116.67,1,135,
beemprdcell2f1,21,exponential,53042,597,88.85,2,156,
beemprdcell2f1,22,exponential,55448,760,72.96,5,156,
beemprdcell2f1,23,exponential,57854,4992,11.59,1,2390,
beemprdcell2f1,24,exponential,60260,6564,9.18,3,2648,
beemprdcell2f1,25,exponential,62666,3877,16.16,4,2250,
beemprdcell2f1,26,exponential,65072,3914,16.63,4,2250,
cmudme2,1,exponential,2643,2,1321.50,2,2,
cmudme2,2,exponential,3933,6,655.50,3,3,
cmudme2,3,exponential,5223,14,373.07,2,8,
cmudme2,4,exponential,6513,25,260.52,2,10,
cmudme2,5,exponential,7803,33,236.45,2,13,
cmudme2,6,exponential,9093,63,144.33,3,19,
cmudme2,7,exponential,10383,98,105.95,2,40,
cmudme2,8,exponential,11673,194,60.17,3,115,
cmudme2,9,exponential,12963,454,28.55,3,132,
cmudme2,10,exponential,14253,1086,13.12,3,347,
cmudme2,11,exponential,15543,565,27.51,3,183,
cmudme2,12,exponential,16833,8418,2.00,3,2248,
cmudme2,13,exponential,18123,4105,4.41,3,1009,
cmudme2,14,exponential,19413,26267,0.74,3,14441,
cmudme2,15,exponential,20703,656,31.56,2,268,
cmudme2,16,exponential,21993,55003,0.40,3,11334,
cmudme2,17,exponential,23283,687,33.89,2,106,
cmudme2,18,exponential,24573,61097,0.40,3,11779,
cmudme2,19,exponential,25863,159781,0.16,3,29040,
eijks386,1,exponential,2137,208,10.27,208,208,
eijks386,2,exponential,3181,3135,1.01,789,2346,
eijks386,3,exponential,4225,4746,0.89,535,2713,
eijks386,4,exponential,5269,4769,1.10,307,2340,
eijks386,5,exponential,6313,4853,1.30,311,2923,
eijks386,6,exponential,7357,21204,0.35,1813,5262,
eijks386,7,exponential,8401,14008,0.60,606,4382,
eijks386,8,exponential,9445,27081,0.35,416,8851,
eijks386,9,exponential,10489,26795,0.39,300,10613,
eijks386,10,exponential,11533,49085,0.23,429,19468,
eijks386,11,exponential,12577,31100,0.40,276,9846,
eijks386,12,exponential,13621,70211,0.19,924,13395,
eijks386,13,exponential,14665,63139,0.23,218,16154,
eijks444,1,exponential,1881,12,156.75,12,12,
eijks444,2,exponential,2793,22,126.95,10,12,
eijks444,3,exponential,3705,33,112.27,10,12,
eijks444,4,exponential,4617,49,94.22,10,16,
eijks444,5,exponential,5529,63,87.76,10,17,
eijks444,6,exponential,6441,79,81.53,10,18,
eijks444,7,exponential,7353,122,60.27,9,40,
eijks444,8,exponential,8265,125,66.12,11,29,
eijks444,9,exponential,9177,140,65.55,12,23,
eijks444,10,exponential,10089,621,16.25,10,459,
eijks444,11,exponential,11001,544,20.22,6,283,
eijks444,12,exponential,11913,1236,9.64,8,916,
eijks444,13,exponential,12825,1447,8.86,7,629,
eijks444,14,exponential,13737,1785,7.70,13,604,
eijks444,15,exponential,14649,939,15.60,8,315,
eijks444,16,exponential,15561,826,18.84,9,145,
eijks444,17,exponential,16473,2121,7.77,10,763,
eijks444,18,exponential,17385,2193,7.93,9,634,
eijks444,19,exponential,18297,2273,8.05,11,427,
eijks444,20,exponential,19209,26835,,NA,NA,
eijks444,21,exponential,20121,11239,1.79,13,8685,
intel012,1,exponential,432538,1,432538.00,1,1,
intel012,2,exponential,645865,3,215288.33,1,2,
intel012,3,exponential,859192,9,95465.78,2,5,
intel012,4,exponential,1072519,6,178753.17,1,2,
intel012,5,exponential,1285846,18,71435.89,1,7,
intel012,6,exponential,1499173,9,166574.78,1,2,
intel012,7,exponential,1712500,30,57083.33,1,9,
intel012,8,exponential,1925827,12,160485.58,1,2,
intel012,9,exponential,2139154,54,39613.96,1,13,
intel012,10,exponential,2352481,15,156832.07,1,2,
intel012,11,exponential,2565808,59,43488.27,1,8,
intel012,12,exponential,2779135,18,154396.39,1,2,
intel020,1,exponential,31848,1,31848.00,1,1,
intel020,2,exponential,47595,3,15865.00,1,2,
intel020,3,exponential,63342,11,5758.36,2,5,
intel020,4,exponential,79089,6,13181.50,1,2,
intel020,5,exponential,94836,27,3512.44,2,9,
intel020,6,exponential,110583,9,12287.00,1,2,
intel020,7,exponential,126330,40,3158.25,1,11,
intel020,8,exponential,142077,12,11839.75,1,2,
intel020,9,exponential,157824,57,2768.84,1,13,
intel020,10,exponential,173571,15,11571.40,1,2,
intel040,1,exponential,616722,1,616722.00,1,1,
intel040,2,exponential,920328,3,306776.00,1,2,
intel040,3,exponential,1223934,5,244786.80,1,2,
intel040,4,exponential,1527540,10,152754.00,1,3,
intel040,5,exponential,1831146,14,130796.14,1,4,
intel040,6,exponential,2134752,14,152482.29,1,3,
intel040,7,exponential,2438358,16,152397.38,1,3,
intel040,8,exponential,2741964,21,130569.71,1,3,
intel040,9,exponential,3045570,28,108770.36,1,4,
intel040,10,exponential,3349176,25,133967.04,1,3,
intel040,11,exponential,3652782,27,135288.22,1,3,
intel040,12,exponential,3956388,32,123637.12,1,3,
intel040,13,exponential,4259994,42,101428.43,1,4,
intel040,14,exponential,4563600,36,126766.67,1,3,
intel040,15,exponential,4867206,38,128084.37,1,3,
intel040,16,exponential,5170812,43,120251.44,1,3,
irstdme5,1,exponential,7059,2,3529.50,2,2,
irstdme5,2,exponential,10506,7,1500.86,3,4,
irstdme5,3,exponential,13953,14,996.64,2,8,
irstdme5,4,exponential,17400,21,828.57,2,9,
irstdme5,5,exponential,20847,39,534.54,3,10,
irstdme5,6,exponential,24294,90,269.93,3,29,
irstdme5,7,exponential,27741,187,148.35,3,78,
irstdme5,8,exponential,31188,309,100.93,3,185,
irstdme5,9,exponential,34635,550,62.97,3,120,
irstdme5,10,exponential,38082,862,44.18,3,265,
irstdme5,11,exponential,41529,4554,9.12,3,1820,
irstdme5,12,exponential,44976,478,94.09,2,158,
irstdme5,13,exponential,48423,3842,12.60,3,874,
irstdme5,14,exponential,51870,53513,0.97,3,19894,
irstdme5,15,exponential,55317,540,102.44,2,101,
irstdme6,1,exponential,10529,2,5264.50,2,2,
irstdme6,2,exponential,15671,6,2611.83,2,4,
irstdme6,3,exponential,20813,14,1486.64,2,7,
irstdme6,4,exponential,25955,48,540.73,2,30,
irstdme6,5,exponential,31097,38,818.34,3,13,
irstdme6,6,exponential,36239,83,436.61,3,31,
irstdme6,7,exponential,41381,99,417.99,3,28,
irstdme6,8,exponential,46523,153,304.07,3,74,
irstdme6,9,exponential,51665,431,119.87,3,111,
irstdme6,10,exponential,56807,636,89.32,3,197,
irstdme6,11,exponential,61949,3378,18.34,3,1153,
irstdme6,12,exponential,67091,6618,10.14,3,1665,
irstdme6,13,exponential,72233,34083,2.12,3,19520,
irstdme6,14,exponential,77375,17873,4.33,3,4283,
mentorbm1and,1,exponential,194565,1444,134.74,1444,1444,
mentorbm1and,2,exponential,289659,35,8275.97,15,20,
mentorbm1and,3,exponential,384753,312,1233.18,14,173,
mentorbm1and,4,exponential,479847,457,1049.99,18,216,
mentorbm1and,5,exponential,574941,536,1072.65,17,188,
mentorbm1and,6,exponential,670035,3400,197.07,28,1752,
mentorbm1and,7,exponential,765129,3184,240.30,58,1475,
mentorbm1and,8,exponential,860223,4559,188.69,39,1684,
mentorbm1and,9,exponential,955317,5891,162.17,40,2173,
oski15a01b02s,1,exponential,1864547,1,1864547.00,1,1,
oski15a01b02s,2,exponential,2783963,2,1391981.50,1,1,
oski15a01b02s,3,exponential,3703379,3,1234459.67,1,1,
oski15a01b02s,4,exponential,4622795,4,1155698.75,1,1,
oski15a01b02s,5,exponential,5542211,22,251918.68,1,18,
oski15a01b42s,1,exponential,1864547,1,1864547.00,1,1,
oski15a01b42s,2,exponential,2783963,2,1391981.50,1,1,
oski15a01b42s,3,exponential,3703379,3,1234459.67,1,1,
oski15a01b42s,4,exponential,4622795,4,1155698.75,1,1,
oski15a01b42s,5,exponential,5542211,22,251918.68,1,18,
oski15a01b44s,1,exponential,1864547,2,932273.50,2,2,
oski15a01b44s,2,exponential,2783963,2,1391981.50,1,1,
oski15a01b44s,3,exponential,3703379,3,1234459.67,1,1,
oski15a01b44s,4,exponential,4622795,4,1155698.75,1,1,
oski15a01b44s,5,exponential,5542211,22,251918.68,1,18,
pdtvisgigamax3,1,exponential,6448,1,6448.00,1,1,
pdtvisgigamax3,2,exponential,9664,14,690.29,2,12,
pdtvisgigamax3,3,exponential,12880,27,477.04,3,13,
pdtvisgigamax3,4,exponential,16096,418,38.51,3,303,
pdtvisgigamax3,5,exponential,19312,618,31.25,3,365,
pdtvisgigamax3,6,exponential,22528,1075,20.96,2,813,
pdtvisgigamax3,7,exponential,25744,2067,12.45,2,1465,
pdtvisgigamax3,8,exponential,28960,1505,19.24,2,641,
pdtvisgigamax3,9,exponential,32176,1098,29.30,2,555,
qspiflash_dualflexpress_divfive-p120,1,exponential,17637,1,17637.00,1,1,
qspiflash_dualflexpress_divfive-p120,2,exponential,26286,2,13143.00,1,1,
qspiflash_dualflexpress_divfive-p120,3,exponential,34935,35,998.14,1,17,
qspiflash_dualflexpress_divfive-p120,4,exponential,43584,53,822.34,1,18,
qspiflash_dualflexpress_divfive-p120,5,exponential,52233,71,735.68,2,18,
qspiflash_dualflexpress_divfive-p120,6,exponential,60882,90,676.47,2,19,
qspiflash_dualflexpress_divfive-p120,7,exponential,69531,111,626.41,2,20,
qspiflash_dualflexpress_divfive-p120,8,exponential,78180,817,95.69,2,460,
qspiflash_dualflexpress_divfive-p120,9,exponential,86829,524,165.70,2,272,
qspiflash_dualflexpress_divfive-p120,10,exponential,95478,551,173.28,2,212,
qspiflash_dualflexpress_divfive-p120,11,exponential,104127,553,188.29,2,173,
qspiflash_dualflexpress_divfive-p120,12,exponential,112776,1184,95.25,2,374,
qspiflash_dualflexpress_divfive-p120,13,exponential,121425,821,147.90,2,196,
qspiflash_dualflexpress_divfive-p120,14,exponential,130074,921,141.23,2,324,
qspiflash_dualflexpress_divfive-p120,15,exponential,138723,1512,91.75,2,426,
qspiflash_dualflexpress_divfive-p120,16,exponential,147372,3428,42.99,2,1985,
qspiflash_dualflexpress_divfive-p120,17,exponential,156021,2159,72.27,2,688,
qspiflash_dualflexpress_divfive-p120,18,exponential,164670,2431,67.74,2,518,
qspiflash_dualflexpress_divfive-p120,19,exponential,173319,4735,36.60,2,1896,
qspiflash_dualflexpress_divfive-p120,20,exponential,181968,4527,40.20,2,1049,
qspiflash_dualflexpress_divfive-p120,21,exponential,190617,5803,32.85,2,2042,
qspiflash_dualflexpress_divfive-p120,22,exponential,199266,2794,71.32,2,540,
qspiflash_dualflexpress_divfive-p120,23,exponential,207915,6983,29.77,2,1768,
qspiflash_dualflexpress_divfive-p120,24,exponential,216564,3780,57.29,2,797,
qspiflash_dualflexpress_divfive-p120,25,exponential,225213,6534,34.47,2,1013,
qspiflash_dualflexpress_divthree-p068,1,exponential,17762,1,17762.00,1,1,
qspiflash_dualflexpress_divthree-p068,2,exponential,26474,3,8824.67,1,2,
qspiflash_dualflexpress_divthree-p068,3,exponential,35186,6,5864.33,1,3,
qspiflash_dualflexpress_divthree-p068,4,exponential,43898,10,4389.80,1,4,
qspiflash_dualflexpress_divthree-p068,5,exponential,52610,15,3507.33,1,5,
qspiflash_dualflexpress_divthree-p068,6,exponential,61322,21,2920.10,1,6,
qspiflash_dualflexpress_divthree-p068,7,exponential,70034,28,2501.21,1,7,
qspiflash_dualflexpress_divthree-p068,8,exponential,78746,36,2187.39,1,8,
qspiflash_dualflexpress_divthree-p068,9,exponential,87458,45,1943.51,1,9,
qspiflash_dualflexpress_divthree-p068,10,exponential,96170,55,1748.55,1,10,
qspiflash_dualflexpress_divthree-p068,11,exponential,104882,66,1589.12,1,11,
qspiflash_dualflexpress_divthree-p068,12,exponential,113594,78,1456.33,1,12,
qspiflash_dualflexpress_divthree-p068,13,exponential,122306,91,1344.02,1,13,
qspiflash_dualflexpress_divthree-p068,14,exponential,131018,105,1247.79,1,14,
qspiflash_dualflexpress_divthree-p068,15,exponential,139730,120,1164.42,1,15,
qspiflash_dualflexpress_divthree-p068,16,exponential,148442,136,1091.49,1,16,
qspiflash_dualflexpress_divthree-p068,17,exponential,157154,153,1027.15,1,17,
qspiflash_dualflexpress_divthree-p068,18,exponential,165866,171,969.98,1,18,
qspiflash_dualflexpress_divthree-p068,19,exponential,174578,190,918.83,1,19,
qspiflash_dualflexpress_divthree-p068,20,exponential,183290,210,872.81,1,20,
qspiflash_dualflexpress_divthree-p068,21,exponential,192002,231,831.18,1,21,
qspiflash_dualflexpress_divthree-p068,22,exponential,200714,235,854.10,1,21,
qspiflash_dualflexpress_divthree-p068,23,exponential,209426,242,865.40,1,21,
qspiflash_dualflexpress_divthree-p068,24,exponential,218138,257,848.79,1,21,
qspiflash_dualflexpress_divthree-p068,25,exponential,226850,271,837.08,1,21,
qspiflash_dualflexpress_divthree-p068,26,exponential,235562,286,823.64,1,21,
qspiflash_dualflexpress_divthree-p068,27,exponential,244274,338,722.70,1,21,
qspiflash_dualflexpress_divthree-p068,28,exponential,252986,363,696.93,1,39,
qspiflash_dualflexpress_divthree-p068,29,exponential,261698,411,636.73,1,39,
qspiflash_dualflexpress_divthree-p113,1,exponential,17540,1,17540.00,1,1,
qspiflash_dualflexpress_divthree-p113,2,exponential,26141,2,13070.50,1,1,
qspiflash_dualflexpress_divthree-p113,3,exponential,34742,3,11580.67,1,1,
qspiflash_dualflexpress_divthree-p113,4,exponential,43343,4,10835.75,1,1,
qspiflash_dualflexpress_divthree-p113,5,exponential,51944,8,6493.00,1,3,
qspiflash_dualflexpress_divthree-p113,6,exponential,60545,12,5045.42,1,4,
qspiflash_dualflexpress_divthree-p113,7,exponential,69146,17,4067.41,1,5,
qspiflash_dualflexpress_divthree-p113,8,exponential,77747,23,3380.30,1,6,
qspiflash_dualflexpress_divthree-p113,9,exponential,86348,30,2878.27,1,7,
qspiflash_dualflexpress_divthree-p113,10,exponential,94949,38,2498.66,1,8,
qspiflash_dualflexpress_divthree-p113,11,exponential,103550,47,2203.19,1,9,
qspiflash_dualflexpress_divthree-p113,12,exponential,112151,57,1967.56,1,10,
qspiflash_dualflexpress_divthree-p113,13,exponential,120752,68,1775.76,1,11,
qspiflash_dualflexpress_divthree-p113,14,exponential,129353,80,1616.91,1,12,
qspiflash_dualflexpress_divthree-p113,15,exponential,137954,93,1483.38,1,13,
qspiflash_dualflexpress_divthree-p113,16,exponential,146555,107,1369.67,1,14,
qspiflash_dualflexpress_divthree-p113,17,exponential,155156,122,1271.77,1,15,
qspiflash_dualflexpress_divthree-p113,18,exponential,163757,138,1186.64,1,16,
qspiflash_dualflexpress_divthree-p113,19,exponential,172358,155,1111.99,1,17,
qspiflash_dualflexpress_divthree-p113,20,exponential,180959,173,1046.01,1,18,
qspiflash_dualflexpress_divthree-p113,21,exponential,189560,192,987.29,1,19,
qspiflash_dualflexpress_divthree-p113,22,exponential,198161,196,1011.03,1,19,
qspiflash_dualflexpress_divthree-p113,23,exponential,206762,207,998.85,1,19,
qspiflash_dualflexpress_divthree-p113,24,exponential,215363,211,1020.68,1,19,
qspiflash_dualflexpress_divthree-p113,25,exponential,223964,216,1036.87,1,19,
qspiflash_dualflexpress_divthree-p113,26,exponential,232565,232,1002.44,1,19,
qspiflash_dualflexpress_divthree-p113,27,exponential,241166,240,1004.86,1,19,
qspiflash_dualflexpress_divthree-p113,28,exponential,249767,276,904.95,1,19,
qspiflash_dualflexpress_divthree-p113,29,exponential,258368,274,942.95,1,19,
qspiflash_dualflexpress_divthree-p113,30,exponential,266969,283,943.35,1,19,
qspiflash_dualflexpress_divthree-p113,31,exponential,275570,338,815.30,1,42,
qspiflash_dualflexpress_divthree-p113,32,exponential,284171,370,768.03,1,51,
qspiflash_dualflexpress_divthree-p161,1,exponential,17762,1,17762.00,1,1,
qspiflash_dualflexpress_divthree-p161,2,exponential,26474,3,8824.67,1,2,
qspiflash_dualflexpress_divthree-p161,3,exponential,35186,6,5864.33,1,3,
qspiflash_dualflexpress_divthree-p161,4,exponential,43898,10,4389.80,1,4,
qspiflash_dualflexpress_divthree-p161,5,exponential,52610,15,3507.33,1,5,
qspiflash_dualflexpress_divthree-p161,6,exponential,61322,21,2920.10,1,6,
qspiflash_dualflexpress_divthree-p161,7,exponential,70034,28,2501.21,1,7,
qspiflash_dualflexpress_divthree-p161,8,exponential,78746,36,2187.39,1,8,
qspiflash_dualflexpress_divthree-p161,9,exponential,87458,45,1943.51,1,9,
qspiflash_dualflexpress_divthree-p161,10,exponential,96170,55,1748.55,1,10,
qspiflash_dualflexpress_divthree-p161,11,exponential,104882,66,1589.12,1,11,
qspiflash_dualflexpress_divthree-p161,12,exponential,113594,78,1456.33,1,12,
qspiflash_dualflexpress_divthree-p161,13,exponential,122306,91,1344.02,1,13,
qspiflash_dualflexpress_divthree-p161,14,exponential,131018,105,1247.79,1,14,
qspiflash_dualflexpress_divthree-p161,15,exponential,139730,120,1164.42,1,15,
qspiflash_dualflexpress_divthree-p161,16,exponential,148442,136,1091.49,1,16,
qspiflash_dualflexpress_divthree-p161,17,exponential,157154,153,1027.15,1,17,
qspiflash_dualflexpress_divthree-p161,18,exponential,165866,171,969.98,1,18,
qspiflash_dualflexpress_divthree-p161,19,exponential,174578,190,918.83,1,19,
qspiflash_dualflexpress_divthree-p161,20,exponential,183290,210,872.81,1,20,
qspiflash_dualflexpress_divthree-p161,21,exponential,192002,231,831.18,1,21,
qspiflash_dualflexpress_divthree-p161,22,exponential,200714,253,793.34,1,22,
qspiflash_dualflexpress_divthree-p161,23,exponential,209426,276,758.79,1,23,
qspiflash_dualflexpress_divthree-p161,24,exponential,218138,300,727.13,1,24,
qspiflash_dualflexpress_divthree-p161,25,exponential,226850,325,698.00,1,25,
qspiflash_dualflexpress_divthree-p161,26,exponential,235562,329,715.99,1,25,
qspiflash_dualflexpress_divthree-p161,27,exponential,244274,336,727.01,1,25,
qspiflash_dualflexpress_divthree-p161,28,exponential,252986,348,726.97,1,25,
qspiflash_dualflexpress_divthree-p161,29,exponential,261698,375,697.86,1,25,
qspiflash_dualflexpress_divthree-p161,30,exponential,270410,381,709.74,1,25,
qspiflash_dualflexpress_divthree-p161,31,exponential,279122,403,692.61,1,25,
qspiflash_dualflexpress_divthree-p161,32,exponential,287834,989,291.04,3,462,
qspiflash_dualflexpress_divthree-p161,33,exponential,296546,1002,295.95,3,462,
qspiflash_dualflexpress_divthree-p161,34,exponential,305258,1074,284.23,3,462,
qspiflash_dualflexpress_divthree-p161,35,exponential,313970,1074,292.34,3,462,
qspiflash_dualflexpress_divthree-p161,36,exponential,322682,553,583.51,1,30,
qspiflash_qflexpress_divfive-p107,1,exponential,15736,1,15736.00,1,1,
qspiflash_qflexpress_divfive-p107,2,exponential,23462,3,7820.67,1,2,
qspiflash_qflexpress_divfive-p107,3,exponential,31188,6,5198.00,1,3,
qspiflash_qflexpress_divfive-p107,4,exponential,38914,10,3891.40,1,4,
qspiflash_qflexpress_divfive-p107,5,exponential,46640,15,3109.33,1,5,
qspiflash_qflexpress_divfive-p107,6,exponential,54366,21,2588.86,1,6,
qspiflash_qflexpress_divfive-p107,7,exponential,62092,28,2217.57,1,7,
qspiflash_qflexpress_divfive-p107,8,exponential,69818,36,1939.39,1,8,
qspiflash_qflexpress_divfive-p107,9,exponential,77544,45,1723.20,1,9,
qspiflash_qflexpress_divfive-p107,10,exponential,85270,55,1550.36,1,10,
qspiflash_qflexpress_divfive-p107,11,exponential,92996,66,1409.03,1,11,
qspiflash_qflexpress_divfive-p107,12,exponential,100722,78,1291.31,1,12,
qspiflash_qflexpress_divfive-p107,13,exponential,108448,91,1191.74,1,13,
qspiflash_qflexpress_divfive-p107,14,exponential,116174,105,1106.42,1,14,
qspiflash_qflexpress_divfive-p107,15,exponential,123900,120,1032.50,1,15,
qspiflash_qflexpress_divfive-p107,16,exponential,131626,136,967.84,1,16,
qspiflash_qflexpress_divfive-p107,17,exponential,139352,141,988.31,1,16,
qspiflash_qflexpress_divfive-p107,18,exponential,147078,151,974.03,1,16,
qspiflash_qflexpress_divfive-p107,19,exponential,154804,170,910.61,1,16,
qspiflash_qflexpress_divfive-p107,20,exponential,162530,794,204.70,4,606,
qspiflash_qflexpress_divfive-p107,21,exponential,170256,652,261.13,3,426,
qspiflash_qflexpress_divfive-p107,22,exponential,177982,329,540.98,3,62,
qspiflash_qflexpress_divfive-p107,23,exponential,185708,326,569.66,5,51,
qspiflash_qflexpress_divfive-p107,24,exponential,193434,337,573.99,6,51,
qspiflash_qflexpress_divfive-p107,25,exponential,201160,330,609.58,1,60,
qspiflash_qflexpress_divfive-p107,26,exponential,208886,489,427.17,1,156,
vis_arrays_am2910_p3,1,exponential,5920,1,5920.00,1,1,
vis_arrays_am2910_p3,2,exponential,8824,2,4412.00,1,1,
vis_arrays_am2910_p3,3,exponential,11728,10,1172.80,1,7,
vis_arrays_am2910_p3,4,exponential,14632,31,472.00,1,15,
vis_arrays_am2910_p3,5,exponential,17536,18,974.22,1,13,
vis_arrays_am2910_p3,6,exponential,20440,21,973.33,1,13,
vis_arrays_am2910_p3,7,exponential,23344,20,1167.20,1,13,
vis_arrays_am2910_p3,8,exponential,26248,37,709.41,1,13,
vis_arrays_am2910_p3,9,exponential,29152,32,911.00,1,13,
vis_arrays_am2910_p3,10,exponential,32056,29,1105.38,1,13,
vis_arrays_am2910_p3,11,exponential,34960,35,998.86,1,13,
vis_arrays_am2910_p3,12,exponential,37864,39,970.87,1,13,
vis_arrays_am2910_p3,13,exponential,40768,42,970.67,1,13,
vis_arrays_am2910_p3,14,exponential,43672,43,1015.63,1,13,
vis_arrays_am2910_p3,15,exponential,46576,47,990.98,1,13,
vis_arrays_am2910_p3,16,exponential,49480,53,933.58,1,13,
vis_arrays_am2910_p3,17,exponential,52384,59,887.86,1,13,
vis_arrays_am2910_p3,18,exponential,55288,59,937.08,1,13,
vis_arrays_am2910_p3,19,exponential,58192,65,895.26,1,13,
vis_arrays_am2910_p3,20,exponential,61096,60,1018.27,1,13,
vis_arrays_am2910_p3,21,exponential,64000,78,820.51,1,13,
vis_arrays_am2910_p3,22,exponential,66904,71,942.31,1,13,
vis_arrays_am2910_p3,23,exponential,69808,75,930.77,1,13,
vis_arrays_am2910_p3,24,exponential,72712,78,932.21,1,13,
vis_arrays_am2910_p3,25,exponential,75616,87,869.15,1,13,
vis_arrays_am2910_p3,26,exponential,78520,88,892.27,1,13,
vis_arrays_am2910_p3,27,exponential,81424,89,914.88,1,13,
vis_arrays_am2910_p3,28,exponential,84328,91,926.68,1,13,
vis_arrays_am2910_p3,29,exponential,87232,117,745.57,1,13,
vis_arrays_am2910_p3,30,exponential,90136,91,990.51,1,13,
vis_arrays_am2910_p3,31,exponential,93040,93,1000.43,1,13,
vis_arrays_am2910_p3,32,exponential,95944,101,949.94,1,13,
vis_arrays_am2910_p3,33,exponential,98848,103,959.69,1,13,
vis_arrays_am2910_p3,34,exponential,101752,107,950.95,1,13,
vis_arrays_am2910_p3,35,exponential,104656,113,926.16,1,13,
vis_arrays_am2910_p3,36,exponential,107560,108,995.93,1,13,
vis_arrays_am2910_p3,37,exponential,110464,111,995.17,1,13,
vis_arrays_am2910_p3,38,exponential,113368,114,994.46,1,13,
vis_arrays_am2910_p3,39,exponential,116272,124,937.68,1,13,
vis_arrays_am2910_p3,40,exponential,119176,126,945.84,1,13,
vis_arrays_am2910_p3,41,exponential,122080,130,939.08,1,13,
vis_arrays_am2910_p3,42,exponential,124984,119,1050.29,1,13,
